Table 1.1.1. Percent Change From Preceding Period in Real Gross Domestic Product,,,,,,,,,,,,,,,,,,,,,,,,,,,,,,,,,,,,,,,,,,,,,,,,,,,,,,,,,,,,,,,,,,,,,,,,,,,,,,,,,,,,,,,,,,,,,,,,,,,,,,,,,,,,,,,,,,,,,,,,,,,,,,,,,,,,,,,,,,,,,,,,,,,,,,,,,,,,,,,,,,,,,,,,,,,,,,,,,,,,,,,,,,,,,,,,,,,,,,,,,,,,,,,,,,,,,,,,,,,,,,,,,,,,,,,,,,,,,,,,,,,,,,,,,,,,,,,,,,,,,,,,,,,,,,,,,,,,,,,,,,,,,,,,,,,,,,,,,,,,,,,,,,,,,,,,,
[Percent] Seasonally adjusted at annual rates,,,,,,,,,,,,,,,,,,,,,,,,,,,,,,,,,,,,,,,,,,,,,,,,,,,,,,,,,,,,,,,,,,,,,,,,,,,,,,,,,,,,,,,,,,,,,,,,,,,,,,,,,,,,,,,,,,,,,,,,,,,,,,,,,,,,,,,,,,,,,,,,,,,,,,,,,,,,,,,,,,,,,,,,,,,,,,,,,,,,,,,,,,,,,,,,,,,,,,,,,,,,,,,,,,,,,,,,,,,,,,,,,,,,,,,,,,,,,,,,,,,,,,,,,,,,,,,,,,,,,,,,,,,,,,,,,,,,,,,,,,,,,,,,,,,,,,,,,,,,,,,,,,,,,,,,,
Quarterly data from 1947Q2 to 2024Q4,,,,,,,,,,,,,,,,,,,,,,,,,,,,,,,,,,,,,,,,,,,,,,,,,,,,,,,,,,,,,,,,,,,,,,,,,,,,,,,,,,,,,,,,,,,,,,,,,,,,,,,,,,,,,,,,,,,,,,,,,,,,,,,,,,,,,,,,,,,,,,,,,,,,,,,,,,,,,,,,,,,,,,,,,,,,,,,,,,,,,,,,,,,,,,,,,,,,,,,,,,,,,,,,,,,,,,,,,,,,,,,,,,,,,,,,,,,,,,,,,,,,,,,,,,,,,,,,,,,,,,,,,,,,,,,,,,,,,,,,,,,,,,,,,,,,,,,,,,,,,,,,,,,,,,,,,
Bureau of Economic Analysis,,,,,,,,,,,,,,,,,,,,,,,,,,,,,,,,,,,,,,,,,,,,,,,,,,,,,,,,,,,,,,,,,,,,,,,,,,,,,,,,,,,,,,,,,,,,,,,,,,,,,,,,,,,,,,,,,,,,,,,,,,,,,,,,,,,,,,,,,,,,,,,,,,,,,,,,,,,,,,,,,,,,,,,,,,,,,,,,,,,,,,,,,,,,,,,,,,,,,,,,,,,,,,,,,,,,,,,,,,,,,,,,,,,,,,,,,,,,,,,,,,,,,,,,,,,,,,,,,,,,,,,,,,,,,,,,,,,,,,,,,,,,,,,,,,,,,,,,,,,,,,,,,,,,,,,,,
"Data published January 30, 2025",,,,,,,,,,,,,,,,,,,,,,,,,,,,,,,,,,,,,,,,,,,,,,,,,,,,,,,,,,,,,,,,,,,,,,,,,,,,,,,,,,,,,,,,,,,,,,,,,,,,,,,,,,,,,,,,,,,,,,,,,,,,,,,,,,,,,,,,,,,,,,,,,,,,,,,,,,,,,,,,,,,,,,,,,,,,,,,,,,,,,,,,,,,,,,,,,,,,,,,,,,,,,,,,,,,,,,,,,,,,,,,,,,,,,,,,,,,,,,,,,,,,,,,,,,,,,,,,,,,,,,,,,,,,,,,,,,,,,,,,,,,,,,,,,,,,,,,,,,,,,,,,,,,,,,,,,
File created Jan 29 2025 10:34AM,,,,,,,,,,,,,,,,,,,,,,,,,,,,,,,,,,,,,,,,,,,,,,,,,,,,,,,,,,,,,,,,,,,,,,,,,,,,,,,,,,,,,,,,,,,,,,,,,,,,,,,,,,,,,,,,,,,,,,,,,,,,,,,,,,,,,,,,,,,,,,,,,,,,,,,,,,,,,,,,,,,,,,,,,,,,,,,,,,,,,,,,,,,,,,,,,,,,,,,,,,,,,,,,,,,,,,,,,,,,,,,,,,,,,,,,,,,,,,,,,,,,,,,,,,,,,,,,,,,,,,,,,,,,,,,,,,,,,,,,,,,,,,,,,,,,,,,,,,,,,,,,,,,,,,,,,
,,,,,,,,,,,,,,,,,,,,,,,,,,,,,,,,,,,,,,,,,,,,,,,,,,,,,,,,,,,,,,,,,,,,,,,,,,,,,,,,,,,,,,,,,,,,,,,,,,,,,,,,,,,,,,,,,,,,,,,,,,,,,,,,,,,,,,,,,,,,,,,,,,,,,,,,,,,,,,,,,,,,,,,,,,,,,,,,,,,,,,,,,,,,,,,,,,,,,,,,,,,,,,,,,,,,,,,,,,,,,,,,,,,,,,,,,,,,,,,,,,,,,,,,,,,,,,,,,,,,,,,,,,,,,,,,,,,,,,,,,,,,,,,,,,,,,,,,,,,,,,,,,,,,,,,,,
Line,,,1947Q2,1947Q3,1947Q4,1948Q1,1948Q2,1948Q3,1948Q4,1949Q1,1949Q2,1949Q3,1949Q4,1950Q1,1950Q2,1950Q3,1950Q4,1951Q1,1951Q2,1951Q3,1951Q4,1952Q1,1952Q2,1952Q3,1952Q4,1953Q1,1953Q2,1953Q3,1953Q4,1954Q1,1954Q2,1954Q3,1954Q4,1955Q1,1955Q2,1955Q3,1955Q4,1956Q1,1956Q2,1956Q3,1956Q4,1957Q1,1957Q2,1957Q3,1957Q4,1958Q1,1958Q2,1958Q3,1958Q4,1959Q1,1959Q2,1959Q3,1959Q4,1960Q1,1960Q2,1960Q3,1960Q4,1961Q1,1961Q2,1961Q3,1961Q4,1962Q1,1962Q2,1962Q3,1962Q4,1963Q1,1963Q2,1963Q3,1963Q4,1964Q1,1964Q2,1964Q3,1964Q4,1965Q1,1965Q2,1965Q3,1965Q4,1966Q1,1966Q2,1966Q3,1966Q4,1967Q1,1967Q2,1967Q3,1967Q4,1968Q1,1968Q2,1968Q3,1968Q4,1969Q1,1969Q2,1969Q3,1969Q4,1970Q1,1970Q2,1970Q3,1970Q4,1971Q1,1971Q2,1971Q3,1971Q4,1972Q1,1972Q2,1972Q3,1972Q4,1973Q1,1973Q2,1973Q3,1973Q4,1974Q1,1974Q2,1974Q3,1974Q4,1975Q1,1975Q2,1975Q3,1975Q4,1976Q1,1976Q2,1976Q3,1976Q4,1977Q1,1977Q2,1977Q3,1977Q4,1978Q1,1978Q2,1978Q3,1978Q4,1979Q1,1979Q2,1979Q3,1979Q4,1980Q1,1980Q2,1980Q3,1980Q4,1981Q1,1981Q2,1981Q3,1981Q4,1982Q1,1982Q2,1982Q3,1982Q4,1983Q1,1983Q2,1983Q3,1983Q4,1984Q1,1984Q2,1984Q3,1984Q4,1985Q1,1985Q2,1985Q3,1985Q4,1986Q1,1986Q2,1986Q3,1986Q4,1987Q1,1987Q2,1987Q3,1987Q4,1988Q1,1988Q2,1988Q3,1988Q4,1989Q1,1989Q2,1989Q3,1989Q4,1990Q1,1990Q2,1990Q3,1990Q4,1991Q1,1991Q2,1991Q3,1991Q4,1992Q1,1992Q2,1992Q3,1992Q4,1993Q1,1993Q2,1993Q3,1993Q4,1994Q1,1994Q2,1994Q3,1994Q4,1995Q1,1995Q2,1995Q3,1995Q4,1996Q1,1996Q2,1996Q3,1996Q4,1997Q1,1997Q2,1997Q3,1997Q4,1998Q1,1998Q2,1998Q3,1998Q4,1999Q1,1999Q2,1999Q3,1999Q4,2000Q1,2000Q2,2000Q3,2000Q4,2001Q1,2001Q2,2001Q3,2001Q4,2002Q1,2002Q2,2002Q3,2002Q4,2003Q1,2003Q2,2003Q3,2003Q4,2004Q1,2004Q2,2004Q3,2004Q4,2005Q1,2005Q2,2005Q3,2005Q4,2006Q1,2006Q2,2006Q3,2006Q4,2007Q1,2007Q2,2007Q3,2007Q4,2008Q1,2008Q2,2008Q3,2008Q4,2009Q1,2009Q2,2009Q3,2009Q4,2010Q1,2010Q2,2010Q3,2010Q4,2011Q1,2011Q2,2011Q3,2011Q4,2012Q1,2012Q2,2012Q3,2012Q4,2013Q1,2013Q2,2013Q3,2013Q4,2014Q1,2014Q2,2014Q3,2014Q4,2015Q1,2015Q2,2015Q3,2015Q4,2016Q1,2016Q2,2016Q3,2016Q4,2017Q1,2017Q2,2017Q3,2017Q4,2018Q1,2018Q2,2018Q3,2018Q4,2019Q1,2019Q2,2019Q3,2019Q4,2020Q1,2020Q2,2020Q3,2020Q4,2021Q1,2021Q2,2021Q3,2021Q4,2022Q1,2022Q2,2022Q3,2022Q4,2023Q1,2023Q2,2023Q3,2023Q4,2024Q1,2024Q2,2024Q3,2024Q4
1,    Gross domestic product,A191RL,-1.0,-0.8,6.4,6.2,6.8,2.3,0.5,-5.4,-1.4,4.2,-3.3,16.7,12.7,16.4,7.9,5.5,7.1,8.5,0.9,4.3,0.8,2.9,13.8,7.7,3.1,-2.2,-5.9,-1.9,0.4,4.6,8.1,11.9,6.7,5.5,2.4,-1.5,3.3,-0.3,6.8,2.6,-0.9,4.0,-4.1,-10.0,2.7,9.6,9.7,7.9,9.3,0.3,1.1,9.3,-2.1,2.0,-5.0,2.7,7.0,7.9,8.1,7.3,3.7,5.0,1.3,4.4,4.6,9.1,2.6,8.7,4.4,6.4,1.2,10.0,5.2,9.2,9.5,10.1,1.4,3.4,3.3,3.6,0.2,3.8,3.1,8.4,6.9,3.1,1.6,6.4,1.2,2.7,-1.9,-0.6,0.6,3.7,-4.2,11.3,2.2,3.3,0.9,7.6,9.4,3.8,6.9,10.3,4.4,-2.1,3.9,-3.4,1.0,-3.7,-1.5,-4.8,2.9,7.0,5.5,9.3,3.0,2.2,2.9,4.8,8.0,7.4,0.0,1.3,16.4,4.1,5.5,0.7,0.4,3.0,1.0,1.3,-8.0,-0.5,7.7,8.1,-2.9,4.9,-4.3,-6.1,1.8,-1.5,0.2,5.4,9.4,8.2,8.6,8.1,7.1,3.9,3.3,3.9,3.6,6.3,3.0,3.8,1.8,3.9,2.2,3.0,4.4,3.5,7.0,2.1,5.4,2.4,5.4,4.1,3.1,3.0,0.8,4.4,1.5,0.3,-3.6,-1.9,3.2,2.0,1.4,4.9,4.4,4.0,4.2,0.7,2.3,1.9,5.6,3.9,5.5,2.4,4.7,1.4,1.2,3.5,2.7,3.0,6.8,3.6,4.2,2.6,6.8,5.1,3.5,4.1,3.8,5.1,6.6,3.8,3.4,5.4,6.7,1.5,7.5,0.4,2.4,-1.3,2.5,-1.6,1.1,3.4,2.5,1.6,0.5,2.1,3.6,6.8,4.7,2.3,3.1,3.8,4.1,4.5,2.0,3.2,2.2,5.5,1.0,0.6,3.5,1.2,2.5,2.3,2.5,-1.7,2.4,-2.1,-8.5,-4.5,-0.7,1.4,4.4,1.9,3.9,3.1,2.1,-0.9,2.7,-0.1,4.6,3.4,1.8,0.6,0.5,4.0,1.1,3.5,3.5,-1.4,5.3,5.0,2.0,3.6,2.5,1.6,0.7,2.3,1.3,2.9,2.2,2.0,2.3,3.2,4.6,3.3,2.1,2.5,0.6,2.5,3.4,4.8,2.8,-5.5,-28.1,35.2,4.4,5.6,6.4,3.5,7.4,-1.0,0.3,2.7,3.4,2.8,2.4,4.4,3.2,1.6,3.0,3.1,2.3
2,Personal consumption expenditures,DPCERL,6.8,1.3,0.1,2.0,4.7,0.6,3.2,0.6,6.3,0.9,6.0,6.9,6.7,22.2,-11.5,10.0,-10.8,4.7,2.3,0.9,8.1,1.9,14.9,4.8,2.4,-0.9,-2.7,1.5,5.3,5.5,8.6,9.3,7.9,5.0,5.1,0.7,1.4,0.9,5.6,2.8,0.7,3.2,0.2,-5.4,3.4,6.8,5.5,7.5,6.3,4.2,0.5,3.9,5.1,-1.6,0.5,-0.1,6.1,2.0,8.3,4.3,5.0,3.3,5.8,2.8,3.8,5.5,3.4,8.1,7.3,7.6,1.2,9.2,4.5,7.1,11.7,6.0,1.0,4.7,1.7,2.3,5.6,2.1,2.5,9.9,6.2,7.7,1.8,4.5,2.6,2.0,3.2,2.5,1.8,3.6,-1.1,7.9,3.7,3.2,6.8,5.4,7.8,6.3,9.7,7.5,-0.2,1.4,-1.2,-3.5,1.4,1.7,-5.7,3.4,6.7,5.8,4.4,8.2,3.7,4.3,5.3,4.8,2.2,3.8,6.2,2.3,8.8,1.7,3.3,2.1,-0.3,4.0,1.0,-0.6,-8.7,4.5,5.5,1.3,0.0,1.9,-2.7,3.0,1.2,2.7,7.2,4.0,8.4,7.4,6.5,3.4,5.7,3.0,5.3,7.0,3.7,7.8,0.9,3.5,4.4,7.3,2.5,0.4,5.6,4.6,0.8,7.3,3.0,3.6,4.6,1.9,1.9,3.9,1.7,3.4,1.2,1.6,-3.0,-1.5,3.4,2.0,-0.2,7.7,2.7,4.4,4.9,1.5,3.7,4.5,3.6,4.7,3.1,3.1,4.4,1.0,3.6,3.7,2.8,3.7,4.4,2.4,3.2,4.3,1.8,7.0,4.9,4.1,7.2,5.3,5.9,4.2,6.3,4.6,6.0,6.2,3.8,3.9,3.5,1.5,0.8,1.4,6.6,0.9,2.0,2.8,2.2,2.0,4.7,5.8,2.8,3.8,2.2,4.8,4.6,2.6,4.5,3.4,0.7,4.4,2.1,2.6,3.9,2.5,1.1,2.7,1.6,-0.5,1.1,-3.0,-3.5,-1.0,-2.0,2.7,-0.4,2.3,3.6,2.9,2.5,1.5,0.4,1.2,0.7,2.9,0.7,0.8,1.6,2.6,1.1,1.6,3.6,1.4,3.9,4.0,4.7,3.1,2.8,2.8,1.6,3.1,2.0,2.8,2.1,3.1,2.0,2.7,4.4,2.9,2.2,1.9,1.3,0.6,3.5,4.6,2.7,-6.6,-30.6,41.2,5.8,9.5,14.1,3.1,4.4,1.0,2.6,1.5,1.2,4.9,1.0,2.5,3.5,1.9,2.8,3.7,4.2
3,  Goods,DGDSRL,7.4,2.7,1.5,0.6,3.7,-0.4,2.7,-0.6,9.1,2.0,9.3,8.0,4.4,33.5,-19.5,9.1,-18.8,4.5,3.3,-1.9,9.2,-0.4,21.8,5.4,0.7,-3.3,-2.4,-0.3,4.0,4.3,11.6,12.9,11.7,5.7,2.9,-1.8,-0.6,-1.7,5.9,3.8,-1.5,3.4,-3.1,-9.2,1.2,7.8,7.9,9.6,6.5,3.2,-3.2,4.1,5.7,-2.6,-2.4,-3.7,6.2,2.6,9.2,4.8,4.0,3.1,6.4,3.8,3.4,4.1,1.4,9.6,8.7,9.7,-2.9,13.7,2.9,8.4,16.3,7.7,-2.0,5.9,-0.8,1.0,7.2,-1.2,1.6,13.3,6.1,10.2,-0.6,5.5,0.3,0.7,1.5,0.6,1.1,2.5,-4.3,13.5,3.3,2.6,7.2,3.8,11.0,7.1,12.3,9.9,-3.8,0.1,-3.9,-6.4,-1.3,1.3,-15.3,2.9,8.8,10.2,2.8,12.2,4.9,3.6,5.0,4.5,3.0,3.3,8.8,-2.2,12.0,0.3,4.6,-0.3,-3.3,6.8,-1.7,-2.0,-15.5,4.2,4.6,5.9,-3.2,4.1,-7.0,4.1,-0.1,2.2,8.3,2.1,12.3,9.2,9.8,5.5,9.2,0.2,6.4,6.3,3.7,11.1,-2.4,6.2,7.3,13.0,-0.3,-7.9,7.9,6.2,-3.5,9.8,2.1,-0.1,6.5,0.5,2.3,5.9,-1.3,5.5,-4.2,-0.9,-6.2,-3.4,2.3,2.4,-4.4,9.4,2.1,4.4,5.4,1.6,6.6,4.2,5.2,7.0,3.6,3.8,7.9,-2.0,2.7,4.9,3.8,3.2,8.0,2.9,4.9,5.5,-0.3,10.8,5.6,3.0,10.8,6.1,12.7,5.0,9.8,4.8,7.0,6.1,2.1,4.2,3.5,0.9,1.1,2.9,15.2,-0.7,1.1,5.0,1.6,2.2,9.0,11.7,3.6,4.6,1.4,5.7,5.5,3.1,6.0,3.9,-0.8,8.5,0.6,3.6,5.7,2.8,0.9,2.5,0.8,-6.4,-0.6,-8.1,-11.6,0.1,-2.5,7.2,-2.1,3.0,5.6,3.0,5.7,2.0,-1.5,0.1,2.9,5.2,-0.1,1.8,2.9,7.5,0.9,3.3,4.0,3.0,7.7,4.6,5.9,5.3,4.3,4.6,1.9,4.3,3.5,4.3,2.6,3.6,4.3,5.1,8.7,3.7,1.0,1.8,2.1,1.1,7.1,5.8,1.3,-2.3,-9.1,51.8,3.1,17.9,14.4,-9.6,4.6,-1.7,-1.5,-2.3,-0.7,7.4,-0.3,3.5,3.4,-1.2,3.0,5.6,6.6
4,    Durable goods,DDURRL,8.6,5.8,28.5,-1.9,2.7,6.8,-5.6,-7.1,39.5,20.5,16.9,16.2,3.4,134.2,-41.1,13.2,-46.2,-7.1,-1.2,2.3,8.0,-21.7,89.0,14.1,-2.3,-2.5,-10.7,-11.8,20.7,1.8,27.0,41.1,23.5,13.6,-10.2,-17.0,0.5,-6.8,13.5,7.6,-9.2,-2.7,-4.6,-24.0,-6.0,8.5,15.5,23.6,15.9,8.0,-17.8,13.5,9.4,-3.1,-9.6,-20.2,8.5,10.2,20.9,9.0,11.1,3.0,18.8,8.2,8.9,5.0,6.5,16.5,10.8,13.9,-11.7,42.7,0.7,14.4,17.9,20.4,-15.1,13.8,-0.2,-7.4,18.3,-3.1,1.0,27.3,8.8,19.2,-2.3,7.8,-1.1,-1.1,-1.5,-6.0,4.7,1.4,-24.0,50.4,9.4,11.1,18.2,9.5,10.4,10.7,22.9,28.0,-4.6,-3.5,-9.0,-9.0,2.2,2.4,-33.0,8.8,8.0,27.4,12.1,21.6,1.8,4.6,6.5,16.0,9.8,6.0,8.7,-10.2,33.3,-5.3,3.2,-4.7,-8.7,11.6,-9.9,-6.1,-36.7,19.0,12.8,11.9,-14.7,12.7,-25.8,13.4,1.5,3.3,19.5,4.1,32.5,16.3,21.2,16.0,9.6,0.1,13.6,14.6,4.9,28.2,-13.1,8.4,14.9,38.7,-6.2,-21.7,17.4,17.6,-10.4,20.3,0.2,-5.1,10.8,-1.8,5.4,9.4,-11.6,18.0,-12.6,-4.0,-10.6,-10.6,2.0,6.3,-6.4,16.6,2.8,8.8,8.2,3.9,13.6,4.5,10.0,9.9,4.4,4.3,14.8,-8.0,4.1,11.8,7.1,4.4,13.3,2.9,8.0,11.3,-1.3,19.1,10.6,3.3,21.8,11.9,25.8,0.9,20.5,9.9,4.9,24.3,-7.2,7.0,2.8,6.7,-0.3,4.7,37.7,-4.3,2.5,12.5,-3.6,0.4,19.4,18.9,5.9,7.2,1.0,10.7,7.8,1.9,11.1,8.1,-11.4,16.9,0.2,5.9,5.8,5.5,4.3,5.0,3.0,-12.3,-2.8,-12.8,-26.3,0.7,-2.9,20.9,-9.1,5.0,13.2,6.4,11.7,3.5,-2.8,3.6,9.9,10.1,0.8,5.3,9.4,10.4,2.0,3.7,4.2,6.9,15.8,7.1,8.0,7.9,8.3,5.3,2.6,5.4,3.4,10.7,6.4,3.3,5.2,10.7,15.7,5.3,2.3,2.9,0.7,-3.5,12.2,9.8,3.3,-17.2,-1.6,100.8,4.5,31.0,14.7,-24.8,8.6,0.1,-2.2,-1.9,-2.0,17.1,-0.3,4.2,2.9,-1.8,5.5,7.6,12.1
5,    Nondurable goods,DNDGRL,7.0,1.9,-5.1,1.3,4.0,-2.4,5.3,1.6,1.1,-3.4,6.7,5.2,4.7,7.1,-8.6,7.5,-5.7,8.7,4.8,-3.3,9.6,7.2,6.0,2.5,1.8,-3.6,0.6,3.9,-1.1,5.1,6.9,4.2,7.6,2.7,8.4,4.6,-1.0,0.3,3.2,2.4,1.5,5.7,-2.6,-3.5,3.7,7.5,5.6,5.3,3.4,1.5,2.5,1.0,4.4,-2.3,0.3,2.4,5.5,0.3,5.6,3.4,1.6,3.1,2.3,2.2,1.4,3.7,-0.5,7.0,7.8,8.1,0.8,3.9,3.9,6.1,15.7,2.9,3.8,2.9,-1.1,4.6,3.0,-0.4,1.8,8.1,5.0,6.5,0.1,4.5,0.9,1.5,2.7,3.5,-0.3,2.9,4.8,1.6,0.9,-0.8,2.7,1.3,11.3,5.6,7.8,2.4,-3.3,1.9,-1.6,-5.3,-2.6,0.9,-6.9,0.8,9.2,4.0,-1.0,8.3,6.3,3.1,4.3,-0.3,0.0,2.0,8.9,1.7,3.1,3.1,5.3,1.8,-0.8,4.8,2.1,-0.2,-5.3,-1.0,1.6,3.6,1.8,0.9,1.5,0.7,-0.7,1.7,4.2,1.3,4.8,6.2,5.0,1.0,9.0,0.3,3.1,2.5,3.2,3.3,3.6,5.2,3.6,0.8,3.3,0.5,3.1,0.3,0.5,4.4,3.2,2.8,4.2,1.8,0.6,4.1,4.6,-0.5,0.4,0.7,-4.0,0.2,2.4,0.7,-3.4,6.1,1.7,2.4,4.1,0.4,3.2,4.0,2.8,5.5,3.2,3.5,4.3,1.4,2.0,1.4,2.1,2.6,5.2,2.9,3.3,2.4,0.2,6.6,2.8,2.9,5.0,2.9,5.6,7.6,3.8,1.9,8.4,-3.5,8.2,2.7,3.9,-2.4,1.9,1.9,3.4,1.7,0.3,0.7,4.9,3.3,3.2,7.6,2.3,3.1,1.6,2.9,4.1,3.8,3.2,1.5,5.7,4.2,0.8,2.3,5.7,1.4,-0.8,1.3,-0.3,-3.1,0.6,-5.7,-3.8,-0.2,-2.4,1.3,1.3,2.1,2.2,1.5,3.0,1.3,-0.8,-1.4,-0.1,3.0,-0.5,0.2,0.0,6.2,0.4,3.1,3.9,1.3,4.1,3.4,4.9,4.0,2.4,4.3,1.5,3.8,3.6,1.3,0.7,3.8,3.9,2.3,5.3,3.0,0.3,1.3,2.8,3.5,4.6,3.9,0.4,6.0,-12.5,31.0,2.3,10.9,14.2,0.4,2.5,-2.7,-1.2,-2.5,0.1,2.5,-0.4,3.1,3.6,-0.8,1.7,4.6,3.8
6,  Services,DSERRL,5.9,-0.8,-2.1,4.3,6.4,2.1,4.1,2.6,2.1,-0.8,1.2,5.1,10.5,6.3,2.6,11.4,2.8,5.1,1.0,5.2,6.3,5.4,5.8,4.0,4.8,2.4,-3.0,3.8,7.1,7.1,4.9,4.7,3.0,4.1,8.2,3.9,3.9,4.3,5.3,1.6,3.5,2.9,4.4,-0.6,6.0,5.7,2.7,5.1,6.1,5.5,4.9,3.7,4.5,-0.5,3.9,4.0,6.0,1.2,7.3,3.8,6.1,3.5,5.1,1.8,4.3,7.2,5.6,6.5,5.8,5.4,5.6,4.7,6.2,5.6,7.0,4.2,4.4,3.3,4.4,3.7,4.0,5.6,3.4,6.5,6.4,5.2,4.5,3.5,5.1,3.3,5.1,4.4,2.5,4.6,2.1,2.8,4.1,3.8,6.4,6.9,4.9,5.5,7.3,5.2,3.4,2.7,1.5,-0.7,4.1,2.1,4.2,3.8,4.9,1.9,5.9,4.7,2.7,4.9,5.6,5.0,1.5,4.3,3.8,6.4,6.1,2.9,2.1,4.2,2.5,1.5,3.4,0.7,-2.5,4.7,6.2,-2.3,2.8,0.1,0.9,2.1,2.3,3.1,6.3,5.4,5.6,6.0,4.2,1.8,3.2,5.1,4.5,7.4,3.7,5.5,3.2,1.7,2.4,3.4,4.5,6.6,4.0,3.6,4.0,5.6,3.6,6.1,3.4,2.8,1.6,2.6,3.8,2.1,4.9,3.2,-1.0,-0.3,4.0,1.7,2.4,6.7,3.1,4.3,4.5,1.5,2.0,4.7,2.6,3.3,2.9,2.7,2.4,2.8,4.0,3.0,2.2,4.0,2.3,2.2,2.3,3.6,3.1,4.9,4.5,4.7,5.3,4.9,2.2,3.7,4.3,4.4,5.4,6.2,4.8,3.7,3.5,1.7,0.6,0.6,2.1,1.8,2.6,1.6,2.6,1.8,2.4,2.7,2.3,3.4,2.7,4.3,4.1,2.3,3.7,3.1,1.6,2.3,2.9,2.1,2.9,2.3,1.1,2.8,2.0,2.7,2.0,-0.4,0.7,-1.6,-1.7,0.7,0.4,2.0,2.7,2.8,1.0,1.3,1.3,1.8,-0.4,1.8,1.1,0.3,1.0,0.3,1.3,0.8,3.4,0.7,2.1,3.7,4.1,2.1,2.0,2.0,1.5,2.5,1.3,2.1,1.8,2.9,0.9,1.7,2.5,2.6,2.7,1.9,0.9,0.4,1.8,4.0,3.2,-8.5,-39.1,36.1,7.1,5.4,13.9,10.4,4.3,2.4,4.7,3.5,2.2,3.8,1.6,2.1,3.5,3.4,2.7,2.8,3.1
7,Gross private domestic investment,A006RL,-27.3,-11.3,103.0,47.8,27.1,4.2,-17.8,-47.6,-43.5,37.5,-18.3,134.4,50.2,39.1,61.3,-35.0,9.6,-26.3,-28.3,10.8,-26.9,23.3,32.1,8.9,2.3,-8.1,-25.9,-2.9,-0.9,20.7,18.8,46.3,26.6,6.3,9.6,-10.9,-3.1,-3.6,-3.6,-6.1,-0.4,9.5,-27.4,-24.4,-7.8,34.4,38.7,23.6,34.9,-23.4,13.7,46.7,-32.4,-1.0,-37.5,10.8,31.1,34.9,6.8,23.4,-3.1,7.0,-11.2,22.8,6.5,12.9,5.0,15.8,-1.4,9.7,3.8,43.9,1.1,14.7,2.7,36.0,-5.8,-2.9,2.4,-9.5,-13.7,12.2,8.9,8.3,16.2,-10.5,4.4,25.7,-2.3,8.4,-18.0,-11.4,0.9,6.7,-19.6,55.4,11.8,4.9,-10.3,29.1,24.7,5.8,2.5,25.6,18.2,-13.7,15.0,-21.0,-1.6,-19.2,2.4,-50.5,-11.4,34.8,11.6,44.6,16.8,1.4,3.0,19.8,31.9,21.8,-9.7,8.0,28.6,12.2,9.6,0.7,-0.4,-6.6,-6.9,-2.7,-29.9,-23.9,42.8,42.5,-15.6,24.5,-13.4,-32.8,-0.3,-3.6,-27.5,14.6,40.4,27.5,45.0,44.6,13.7,8.9,-5.1,-10.5,7.0,-2.7,15.6,-0.1,-6.8,-10.3,1.2,11.2,0.2,0.1,30.2,-17.9,9.9,2.2,6.2,14.3,-3.8,-3.5,-2.9,4.0,0.1,-7.5,-20.6,-12.7,0.0,8.2,15.0,-7.2,24.6,3.2,12.8,9.8,2.3,-2.7,22.7,16.1,21.2,-6.4,17.5,4.3,-8.1,-2.4,10.3,6.6,20.6,19.4,-0.5,8.3,26.9,5.7,6.0,18.7,-2.5,10.8,12.7,11.5,0.2,11.5,11.1,-2.8,25.9,-3.8,0.8,-17.0,0.6,-8.4,-18.4,12.5,6.7,-0.5,-0.4,3.3,2.6,15.3,14.4,0.7,16.9,6.5,8.6,11.7,-5.1,5.4,13.4,6.0,-2.3,-1.5,-7.2,-2.6,3.9,-4.5,-4.5,-10.5,-6.6,-7.7,-33.4,-38.3,-21.3,-1.2,42.9,8.9,22.7,19.0,-1.1,-7.2,17.4,1.8,34.6,9.2,9.3,1.1,-3.3,16.9,5.3,17.2,3.9,-3.9,17.5,9.5,1.3,14.7,1.6,0.9,-2.4,-1.7,-1.7,1.7,11.4,-1.1,6.4,6.8,7.7,6.2,-0.1,12.7,0.3,3.3,3.7,3.2,-5.1,-9.9,-45.1,97.1,13.0,-2.4,-6.4,16.3,28.3,7.4,-8.5,-5.7,5.8,-8.9,8.0,10.1,0.7,3.6,8.3,0.8,-5.6
8,  Fixed investment,A007RL,-10.0,13.5,37.3,13.4,-0.6,-4.0,-4.5,-20.3,-11.6,-0.7,15.3,26.9,40.5,31.6,-7.7,-13.7,-16.7,-5.8,-3.0,6.3,6.9,-20.0,34.1,17.3,3.1,0.7,-3.4,-5.5,6.5,16.1,9.0,16.3,17.8,9.4,1.6,-6.5,4.2,0.2,-1.8,-0.3,-3.4,4.1,-6.5,-20.7,-9.5,6.1,25.9,25.7,12.9,4.3,-4.6,14.0,-7.1,-8.3,-0.8,-3.3,6.7,9.9,13.3,7.9,11.8,3.3,-1.2,5.3,19.1,10.2,12.5,14.6,-0.7,6.7,3.5,19.3,11.8,11.3,9.6,15.8,-3.9,0.4,-10.2,-7.3,10.2,4.9,12.6,9.2,-1.0,6.4,9.8,11.6,2.1,5.8,-8.6,-2.0,-8.0,6.9,-0.1,8.5,15.9,7.1,10.9,18.2,7.1,4.6,18.7,16.6,3.1,-1.2,-3.4,-7.7,-4.9,-6.4,-19.8,-20.8,-4.5,10.2,8.2,17.4,6.8,4.6,20.4,14.5,22.5,5.2,7.1,3.7,30.3,11.3,9.1,3.6,-2.3,7.2,-3.7,-5.1,-29.0,4.9,16.0,3.8,3.2,0.2,-1.3,-10.6,-12.0,-9.2,0.2,9.3,16.0,24.4,24.2,13.2,16.6,8.2,7.3,3.7,5.2,-1.6,7.8,1.1,0.1,-1.8,3.1,-6.7,6.3,7.1,-0.2,0.2,8.1,1.9,4.8,3.6,0.5,7.2,-5.1,4.8,-7.7,-3.2,-9.9,-10.6,1.2,0.5,1.7,4.4,13.8,4.7,12.2,3.0,7.4,6.4,17.0,4.8,8.3,3.4,10.0,8.7,-0.3,5.7,8.0,10.6,13.0,9.4,6.5,7.7,7.8,15.0,3.0,12.3,14.3,7.9,11.6,7.2,9.9,9.6,2.1,12.0,9.1,1.8,1.2,-2.3,-4.6,-2.8,-8.8,-3.4,-0.4,-0.6,-1.7,3.7,10.0,13.6,7.5,-1.1,11.4,8.8,7.5,7.2,7.0,7.2,1.8,7.7,-2.1,-2.5,-2.8,-0.3,1.9,-2.3,-3.8,-6.1,-3.2,-9.7,-23.9,-28.2,-13.7,1.5,2.0,-0.1,15.4,2.2,7.9,-0.6,9.8,18.0,10.7,13.1,8.4,0.6,7.4,8.0,4.2,7.6,6.7,5.0,12.3,8.4,5.6,1.7,4.4,4.6,-0.1,3.0,3.0,4.5,3.7,5.3,4.0,3.1,9.6,7.1,4.2,1.1,1.0,1.1,7.6,4.3,-1.1,-3.0,-27.8,28.7,16.0,9.4,5.5,-2.1,2.9,8.5,2.0,-1.8,-1.9,3.1,8.6,2.6,3.5,6.5,2.3,2.1,-0.6
9,    Nonresidential,A008RL,-6.1,-7.2,11.6,25.3,-12.7,1.0,9.6,-17.2,-14.0,-17.1,-4.9,12.1,37.7,37.6,-0.6,-10.0,4.9,4.8,-6.4,3.9,6.5,-27.7,40.5,23.5,4.0,9.2,-3.6,-10.1,-3.5,10.6,-0.6,7.1,26.1,21.3,12.5,-4.8,7.3,4.1,0.1,2.1,-0.8,8.3,-8.9,-23.1,-13.9,-4.1,15.8,13.1,12.0,11.2,-1.1,14.6,6.0,-6.8,-0.9,-5.6,9.3,3.9,12.8,8.2,11.3,5.1,-1.5,0.9,13.0,11.4,12.2,8.7,9.7,13.5,8.8,28.0,15.6,15.3,17.3,17.9,6.7,5.4,0.0,-6.3,-1.0,-0.7,8.3,12.3,-4.8,5.6,11.4,10.6,4.5,9.4,-2.1,-2.8,-2.6,1.4,-13.0,3.3,5.6,1.8,8.4,13.4,6.7,6.0,20.6,17.9,15.7,6.3,3.0,-0.4,-0.7,-4.0,-10.1,-21.0,-9.3,4.3,4.9,8.8,5.4,9.0,8.0,15.4,11.5,8.2,12.7,3.5,34.8,14.3,13.6,9.5,-0.4,12.3,1.1,4.4,-17.3,2.6,8.6,8.4,8.4,9.6,9.6,-8.1,-11.9,-11.0,-6.7,-5.8,5.7,17.9,26.5,13.3,20.0,12.8,9.7,4.6,5.9,-4.5,7.4,-3.9,-7.9,-4.5,3.9,-9.1,8.3,11.6,-0.5,3.2,9.3,2.5,5.7,6.6,5.5,10.6,-4.0,5.2,-5.1,2.9,-6.1,-7.8,-2.0,-3.4,-0.2,-1.6,13.6,6.3,10.9,4.0,8.1,3.3,15.2,4.3,6.4,7.0,16.5,15.6,3.9,2.6,8.0,10.5,11.1,13.2,10.5,9.6,8.6,18.8,2.6,13.6,14.2,6.5,12.2,9.2,11.0,12.0,1.8,15.5,13.1,4.4,1.5,-3.5,-8.0,-4.6,-11.0,-9.3,-4.4,-1.3,-5.3,2.0,11.5,8.8,5.1,-3.9,10.4,11.9,8.5,5.9,6.6,8.6,3.1,14.1,7.2,7.0,4.3,7.4,9.2,6.4,6.3,1.6,0.8,-7.3,-21.3,-26.9,-11.6,-2.3,2.7,2.9,13.8,11.3,8.1,-0.5,10.8,20.2,10.7,10.7,9.4,-1.3,4.4,6.3,2.1,7.6,10.0,6.6,12.0,8.9,3.5,0.2,2.8,2.5,-1.8,0.3,3.5,6.2,3.3,4.1,4.6,3.9,9.9,11.7,4.6,2.5,3.7,2.7,7.8,3.9,-1.8,-7.4,-28.5,18.7,11.1,9.6,8.9,-1.8,3.4,13.6,7.3,7.7,5.7,5.3,9.9,1.1,3.8,4.5,3.9,4.0,-2.2
10,      Structures,A009RL,-2.1,2.8,-5.6,8.6,11.6,12.5,5.8,-7.3,-9.0,-16.6,-10.5,20.5,21.8,25.3,10.7,1.3,14.3,-2.4,-14.5,0.5,2.9,3.4,16.2,12.6,7.9,2.2,7.2,4.1,2.8,-0.9,-1.7,13.0,10.3,13.9,10.3,13.0,15.0,2.6,-0.9,-3.4,-0.3,0.1,-2.3,-7.3,-12.6,-8.8,6.3,-1.4,13.0,12.4,-3.0,17.8,4.8,0.8,16.1,-1.8,-6.5,0.2,-2.1,7.7,15.4,11.0,-9.3,-13.2,20.3,2.8,8.4,10.8,14.2,13.8,3.2,22.2,30.9,4.3,19.7,9.8,-7.5,9.2,-12.9,4.2,-10.9,4.3,0.6,8.0,-3.4,-2.6,8.4,6.3,3.2,20.2,-2.8,-3.1,-4.0,1.5,-4.6,-1.0,-1.0,-1.4,-1.0,10.9,2.3,0.9,6.5,13.7,13.1,9.4,-3.6,-2.2,-1.6,-16.2,-4.7,-19.0,-14.2,2.3,0.3,11.2,-1.2,4.1,1.3,-1.4,15.8,6.2,2.9,-0.8,45.2,29.1,17.8,-2.2,5.9,20.0,12.8,6.3,-8.5,2.0,12.3,-0.2,15.9,10.5,32.8,-12.1,-12.4,-20.3,-8.8,-15.4,-17.7,9.7,11.6,24.8,21.6,13.2,4.2,18.1,-0.2,-8.0,5.1,-9.6,-32.7,-13.5,2.5,-9.0,4.8,17.7,7.8,-14.3,8.6,-5.3,-1.0,6.6,-4.4,14.8,-2.4,9.1,-1.9,-1.4,-16.8,-8.3,-10.5,-23.6,-8.0,-5.1,0.1,3.7,5.4,-5.2,-6.5,1.0,12.7,-12.0,17.7,-2.7,5.7,11.6,10.0,1.3,-3.4,7.6,9.0,4.9,23.0,2.4,-3.6,17.9,2.2,-3.0,23.6,-0.6,-0.8,-0.8,-3.9,0.1,4.5,9.1,18.1,15.0,1.5,-10.5,2.5,3.2,-32.7,-19.3,-20.0,-17.5,-5.2,-2.5,11.3,-1.4,0.8,-7.8,2.6,6.8,0.3,5.5,-1.6,-1.7,4.2,15.8,13.0,7.8,0.1,15.8,24.1,20.6,10.6,1.8,6.8,-2.4,-8.9,-26.6,-27.4,-24.5,-29.8,-24.0,12.2,-5.5,8.2,-26.0,31.3,26.4,14.9,20.7,10.1,-4.4,-7.5,-8.1,11.0,20.8,4.0,15.6,15.2,1.3,7.1,-4.0,5.7,-10.2,-12.8,-13.0,9.5,16.9,3.8,-0.4,1.0,-8.4,6.9,25.8,1.6,0.6,-10.8,1.5,13.5,16.8,-6.6,-4.6,-39.1,-6.5,1.8,8.8,0.6,-3.8,-9.5,10.9,8.8,9.2,9.8,14.9,16.4,1.7,6.5,6.3,0.2,-5.0,-1.1
11,      Equipment,Y033RL,-8.3,-12.8,25.2,38.4,-24.0,-5.0,13.5,-23.1,-18.3,-19.6,-4.3,7.2,53.2,50.2,-6.0,-15.9,0.6,8.9,-3.8,2.3,5.6,-47.3,60.5,31.6,-0.6,14.2,-11.1,-20.5,-8.6,20.3,-0.9,3.7,40.5,27.5,12.2,-18.4,0.8,4.1,-1.0,7.4,-1.5,14.9,-14.9,-36.2,-19.0,-4.1,23.4,23.9,12.6,13.7,-0.8,14.6,6.9,-16.2,-13.4,-12.4,20.6,5.5,26.4,10.8,10.5,1.4,1.2,7.6,8.3,18.4,16.6,10.2,8.5,14.9,12.4,34.1,7.4,23.2,16.4,23.9,14.8,1.8,5.9,-15.0,4.4,-5.4,13.3,16.1,-9.3,10.3,14.6,15.4,4.2,5.3,-3.3,-2.8,-1.7,2.5,-19.5,6.9,10.1,2.8,14.5,16.0,9.4,9.9,34.3,23.9,19.8,5.0,6.6,0.3,-0.7,1.9,-15.3,-26.1,-8.1,5.1,6.1,5.3,7.7,11.4,11.8,28.3,10.6,10.3,20.3,5.8,35.3,8.0,11.1,15.2,-5.6,9.1,-6.1,3.0,-25.7,3.0,5.9,11.2,3.4,9.4,-4.8,-8.8,-15.8,-7.6,-7.3,-2.7,21.7,24.6,40.0,7.2,21.3,13.1,12.3,-3.5,9.0,-5.4,7.7,-3.9,5.0,-2.3,4.6,-13.1,12.2,11.0,-7.2,13.1,10.3,4.4,5.2,4.9,8.9,8.1,-10.5,1.9,-11.6,5.8,-5.8,-13.6,-2.5,6.2,-1.9,-3.1,25.2,9.4,15.6,7.8,17.0,4.7,23.9,11.8,2.4,10.8,26.3,22.1,-0.6,0.7,11.8,10.4,12.2,17.0,5.0,8.1,13.9,23.2,-0.9,22.6,12.2,6.2,19.0,12.3,15.0,14.2,-2.6,19.3,15.6,1.4,-0.7,-3.0,-15.6,-10.0,-1.6,-9.0,-1.9,3.9,-7.4,1.5,16.7,13.7,7.2,-5.0,18.2,14.6,12.8,3.7,10.3,15.3,5.7,19.0,4.7,3.3,2.2,5.7,5.7,2.1,2.4,-2.2,-4.7,-12.0,-39.0,-37.7,-14.9,10.5,19.8,31.4,28.7,23.3,8.4,10.3,5.6,26.3,9.6,13.1,11.8,-1.2,8.2,8.6,0.7,1.1,17.4,4.1,11.2,13.1,-1.9,4.3,1.7,6.8,-4.3,-1.0,-4.1,-0.4,2.0,2.6,7.8,6.8,12.9,7.3,0.7,0.0,5.3,2.2,4.1,-5.8,-8.7,-20.1,-38.3,50.4,17.3,5.3,8.7,-10.6,1.5,16.4,1.1,6.6,1.1,0.9,12.5,-1.1,0.7,0.3,9.8,10.8,-7.8
12,      Intellectual property products,Y001RL,-4.8,-0.4,-7.9,3.4,-6.1,0.4,-2.9,-8.6,-1.3,3.1,18.9,14.3,6.5,1.6,-3.9,-10.6,-4.0,8.0,17.6,38.6,30.8,29.0,33.2,19.0,19.7,7.7,4.8,3.9,2.3,3.9,6.2,4.0,13.1,15.1,22.1,20.0,16.4,9.6,9.2,-4.0,0.8,4.9,1.9,1.2,5.8,10.7,14.7,12.8,7.2,-2.0,3.1,6.5,5.2,17.8,9.3,12.0,13.5,7.7,4.6,0.6,4.4,4.7,9.4,13.7,14.5,7.3,4.9,-1.6,4.0,7.6,8.8,18.8,13.8,14.0,14.3,14.5,12.4,11.3,10.5,7.2,2.9,7.0,7.2,7.6,10.6,6.9,5.9,2.8,8.0,3.0,4.3,-1.9,-2.7,-2.7,-6.3,0.4,4.6,5.3,9.1,9.2,7.0,3.3,5.4,4.7,5.9,4.5,5.2,0.9,1.7,3.9,-0.1,-2.3,-2.3,5.9,10.4,17.9,11.1,10.6,7.8,4.5,6.8,4.1,3.8,3.2,12.6,11.2,14.5,14.9,9.2,8.6,5.0,5.8,-0.3,3.1,10.6,21.2,9.6,7.9,10.2,6.4,4.0,3.0,0.3,7.6,13.7,14.6,16.2,13.2,13.2,11.3,12.7,6.0,8.5,5.5,11.0,7.0,6.4,4.0,4.2,2.6,3.2,4.7,6.5,6.1,7.4,9.2,16.8,11.0,10.9,11.6,11.7,8.6,7.1,1.7,7.6,6.7,9.3,1.4,11.4,5.1,5.1,2.4,6.7,5.1,4.1,2.3,0.1,3.8,5.9,7.8,5.6,5.0,9.6,8.3,10.3,13.4,10.3,12.2,12.7,20.1,8.5,10.5,10.8,11.0,10.8,13.6,10.5,11.5,16.3,17.4,8.5,13.4,5.0,2.3,5.8,1.4,-2.0,-1.6,-5.8,-1.4,4.2,2.9,-1.8,6.1,4.0,8.3,4.8,0.7,3.9,11.3,7.4,10.0,6.8,5.7,-1.7,5.1,7.1,13.3,11.9,3.4,2.7,1.4,8.7,7.7,4.0,-4.6,-2.8,-10.5,10.4,4.2,12.7,-6.6,-2.0,8.0,7.7,4.1,6.7,8.4,9.5,0.8,5.2,0.8,8.1,14.0,-1.6,8.6,3.8,4.0,10.6,8.9,9.4,-2.4,2.2,6.5,11.3,12.8,10.4,8.3,4.5,9.0,2.9,8.9,8.1,8.8,11.9,7.0,11.9,4.2,8.9,8.1,10.1,6.0,-9.5,7.7,10.3,14.3,13.8,8.6,12.4,12.6,12.7,8.0,7.9,4.5,3.9,2.8,5.2,7.5,0.7,3.1,2.6
13,    Residential,A011RL,-18.5,76.7,102.4,-5.1,25.2,-12.1,-26.2,-26.4,-6.5,38.9,58.4,52.7,44.2,23.7,-17.4,-19.1,-43.7,-22.9,3.9,10.9,7.6,-3.8,23.4,6.6,1.3,-14.1,-3.2,4.5,28.7,26.7,27.5,32.8,5.9,-8.3,-15.8,-9.8,-2.1,-7.3,-5.8,-5.4,-9.1,-5.2,-0.5,-14.8,1.4,32.1,48.6,53.4,14.7,-7.3,-10.9,12.9,-28.9,-11.4,-0.4,1.6,1.6,23.7,14.3,7.2,13.0,-0.3,-0.6,14.9,31.9,7.9,13.2,26.9,-18.5,-6.2,-6.9,2.0,3.5,1.9,-7.6,10.4,-27.7,-12.6,-35.8,-10.6,54.7,23.0,25.3,1.2,10.1,8.3,5.7,14.1,-3.7,-3.1,-24.8,0.2,-22.3,25.1,46.8,22.4,44.3,19.7,16.3,28.8,7.8,1.8,14.9,14.0,-19.2,-16.1,-16.9,-23.6,-15.2,-12.7,-42.8,-20.7,11.8,29.1,18.3,43.7,10.2,-6.1,57.9,12.4,51.7,-1.2,-4.7,3.8,20.6,4.7,-0.8,-9.4,-6.9,-4.8,-15.1,-27.4,-56.0,12.9,42.9,-9.4,-12.1,-27.6,-35.7,-21.2,-12.3,-0.4,35.6,88.6,55.4,45.2,18.0,12.5,7.2,-4.6,0.4,1.0,3.4,7.7,9.0,17.3,25.0,5.6,1.1,-0.7,1.4,-3.3,0.7,-6.9,5.0,0.2,2.6,-3.8,-12.0,-1.8,-8.2,3.6,-14.9,-19.8,-21.2,-19.5,12.9,14.2,8.2,24.9,14.4,0.2,16.2,0.3,5.4,15.8,22.1,6.1,13.6,-5.8,-6.0,-8.8,-11.8,15.7,8.0,10.8,18.6,-0.8,-4.5,2.1,5.7,3.9,4.3,8.6,14.6,12.2,9.7,1.6,6.4,3.0,3.0,2.0,-2.0,-6.1,0.4,1.7,6.3,2.5,-2.5,13.8,10.3,1.2,7.4,7.6,6.5,25.0,12.4,4.7,13.3,2.9,5.6,9.8,7.6,4.5,-0.8,-3.7,-18.6,-20.4,-17.4,-16.8,-14.9,-23.1,-29.3,-28.2,-16.9,-18.8,-33.6,-33.5,-22.4,19.9,-0.8,-12.3,22.5,-31.0,6.8,-1.4,4.6,7.4,10.8,26.5,3.5,10.7,22.5,16.1,14.2,7.4,-6.2,-1.7,13.8,6.2,15.1,8.1,11.1,13.2,6.4,13.1,1.3,-1.1,5.3,9.7,2.3,0.3,8.4,-7.4,2.8,-3.7,-7.8,-4.4,7.0,5.9,1.3,14.1,-25.7,66.2,31.0,8.7,-3.7,-3.4,1.2,-4.5,-11.6,-25.2,-22.8,-4.3,4.5,7.7,2.5,13.7,-2.8,-4.3,5.3
14,  Change in private inventories,ZZZZZZ,.....,.....,.....,.....,.....,.....,.....,.....,.....,.....,.....,.....,.....,.....,.....,.....,.....,.....,.....,.....,.....,.....,.....,.....,.....,.....,.....,.....,.....,.....,.....,.....,.....,.....,.....,.....,.....,.....,.....,.....,.....,.....,.....,.....,.....,.....,.....,.....,.....,.....,.....,.....,.....,.....,.....,.....,.....,.....,.....,.....,.....,.....,.....,.....,.....,.....,.....,.....,.....,.....,.....,.....,.....,.....,.....,.....,.....,.....,.....,.....,.....,.....,.....,.....,.....,.....,.....,.....,.....,.....,.....,.....,.....,.....,.....,.....,.....,.....,.....,.....,.....,.....,.....,.....,.....,.....,.....,.....,.....,.....,.....,.....,.....,.....,.....,.....,.....,.....,.....,.....,.....,.....,.....,.....,.....,.....,.....,.....,.....,.....,.....,.....,.....,.....,.....,.....,.....,.....,.....,.....,.....,.....,.....,.....,.....,.....,.....,.....,.....,.....,.....,.....,.....,.....,.....,.....,.....,.....,.....,.....,.....,.....,.....,.....,.....,.....,.....,.....,.....,.....,.....,.....,.....,.....,.....,.....,.....,.....,.....,.....,.....,.....,.....,.....,.....,.....,.....,.....,.....,.....,.....,.....,.....,.....,.....,.....,.....,.....,.....,.....,.....,.....,.....,.....,.....,.....,.....,.....,.....,.....,.....,.....,.....,.....,.....,.....,.....,.....,.....,.....,.....,.....,.....,.....,.....,.....,.....,.....,.....,.....,.....,.....,.....,.....,.....,.....,.....,.....,.....,.....,.....,.....,.....,.....,.....,.....,.....,.....,.....,.....,.....,.....,.....,.....,.....,.....,.....,.....,.....,.....,.....,.....,.....,.....,.....,.....,.....,.....,.....,.....,.....,.....,.....,.....,.....,.....,.....,.....,.....,.....,.....,.....,.....,.....,.....,.....,.....,.....,.....,.....,.....,.....,.....,.....,.....,.....,.....,.....,.....,.....,.....,.....,.....,.....,.....,.....,.....,.....,.....,.....,.....
15,Net exports of goods and services,ZZZZZZ,.....,.....,.....,.....,.....,.....,.....,.....,.....,.....,.....,.....,.....,.....,.....,.....,.....,.....,.....,.....,.....,.....,.....,.....,.....,.....,.....,.....,.....,.....,.....,.....,.....,.....,.....,.....,.....,.....,.....,.....,.....,.....,.....,.....,.....,.....,.....,.....,.....,.....,.....,.....,.....,.....,.....,.....,.....,.....,.....,.....,.....,.....,.....,.....,.....,.....,.....,.....,.....,.....,.....,.....,.....,.....,.....,.....,.....,.....,.....,.....,.....,.....,.....,.....,.....,.....,.....,.....,.....,.....,.....,.....,.....,.....,.....,.....,.....,.....,.....,.....,.....,.....,.....,.....,.....,.....,.....,.....,.....,.....,.....,.....,.....,.....,.....,.....,.....,.....,.....,.....,.....,.....,.....,.....,.....,.....,.....,.....,.....,.....,.....,.....,.....,.....,.....,.....,.....,.....,.....,.....,.....,.....,.....,.....,.....,.....,.....,.....,.....,.....,.....,.....,.....,.....,.....,.....,.....,.....,.....,.....,.....,.....,.....,.....,.....,.....,.....,.....,.....,.....,.....,.....,.....,.....,.....,.....,.....,.....,.....,.....,.....,.....,.....,.....,.....,.....,.....,.....,.....,.....,.....,.....,.....,.....,.....,.....,.....,.....,.....,.....,.....,.....,.....,.....,.....,.....,.....,.....,.....,.....,.....,.....,.....,.....,.....,.....,.....,.....,.....,.....,.....,.....,.....,.....,.....,.....,.....,.....,.....,.....,.....,.....,.....,.....,.....,.....,.....,.....,.....,.....,.....,.....,.....,.....,.....,.....,.....,.....,.....,.....,.....,.....,.....,.....,.....,.....,.....,.....,.....,.....,.....,.....,.....,.....,.....,.....,.....,.....,.....,.....,.....,.....,.....,.....,.....,.....,.....,.....,.....,.....,.....,.....,.....,.....,.....,.....,.....,.....,.....,.....,.....,.....,.....,.....,.....,.....,.....,.....,.....,.....,.....,.....,.....,.....,.....,.....,.....,.....,.....,.....,.....
16,  Exports,A020RL,-4.9,-18.8,-38.2,-17.1,-32.5,9.7,-13.3,57.0,-3.4,-29.4,-43.8,-6.4,4.9,10.7,36.5,21.6,45.6,10.2,-3.8,23.1,-37.2,-28.1,2.8,-6.6,2.5,17.1,-12.6,-16.8,71.2,-12.3,19.8,15.7,-9.1,29.0,1.8,20.4,29.8,14.1,19.1,28.7,-11.4,-10.7,-11.4,-34.1,1.8,1.3,-1.5,32.3,-3.2,44.5,-18.4,62.3,12.0,9.0,2.2,-2.7,-17.3,19.3,6.7,-2.3,25.0,-0.7,-12.3,6.2,36.0,-2.0,16.5,21.9,-1.6,13.1,8.3,-39.0,85.7,-8.6,26.7,-9.5,12.6,-4.7,10.3,5.0,-5.2,-3.2,7.8,11.7,6.9,31.6,-8.6,-39.0,121.0,-6.5,10.8,5.4,16.4,1.6,0.8,3.7,-2.9,21.5,-32.1,53.8,-11.1,26.3,18.1,32.6,20.7,1.4,21.1,5.3,21.0,-19.9,10.9,2.8,-11.1,-6.6,24.6,-2.7,4.1,12.1,4.1,-6.3,11.2,3.1,-12.2,9.8,48.7,4.4,16.8,0.3,1.0,15.2,27.7,11.6,7.8,-0.9,-2.4,7.7,2.2,-8.2,1.8,-16.3,2.4,-16.6,-17.1,6.6,1.2,6.2,8.3,8.6,10.3,9.1,8.4,1.1,-0.9,-5.7,12.5,13.1,4.4,9.5,15.8,0.3,17.5,18.5,15.8,24.2,11.7,8.1,12.8,12.5,18.7,4.1,6.2,18.5,5.1,3.1,3.6,2.5,15.4,9.8,9.3,7.4,0.2,8.8,2.0,0.9,4.9,-1.1,13.5,4.0,14.2,15.8,9.6,7.9,5.7,18.5,5.8,4.9,6.7,3.3,27.4,7.8,17.0,9.6,-0.6,1.9,-4.3,-1.8,15.7,-1.3,5.1,12.6,8.8,5.9,12.8,9.9,-3.9,-4.9,-11.2,-19.0,-13.2,9.0,12.4,1.3,-5.8,-1.2,0.7,11.4,19.2,9.4,8.6,1.3,9.8,7.7,9.2,-0.1,13.0,17.2,7.6,-0.5,16.1,8.2,6.2,13.1,9.5,6.5,12.3,-1.8,-21.5,-28.3,2.7,15.6,23.9,9.3,9.1,11.9,11.4,3.5,6.9,5.6,3.1,5.0,4.0,2.5,0.4,2.1,3.7,3.5,12.0,-3.8,8.9,1.7,3.4,-3.1,1.1,-3.2,-0.5,-1.1,3.1,6.7,-3.0,10.1,1.4,2.4,10.8,2.6,2.2,-4.9,1.7,3.8,-2.0,0.1,2.5,-16.1,-61.3,60.2,26.8,0.3,3.2,0.9,25.5,-4.6,12.7,14.5,-1.1,2.0,-4.8,4.9,6.2,1.9,1.0,9.6,-0.8
17,    Goods,A253RL,-10.7,-20.4,-41.0,-15.6,-34.5,10.6,-15.0,64.1,-5.7,-28.3,-44.5,-12.1,4.7,14.1,37.5,17.4,46.2,9.7,-7.0,24.2,-40.5,-26.0,6.3,-13.6,7.3,21.2,-13.7,-20.9,93.3,-19.0,24.0,16.6,-11.9,28.6,1.2,23.3,30.8,16.0,19.3,30.7,-12.4,-13.0,-23.7,-27.2,-4.1,2.6,-4.5,-20.1,11.8,45.8,-17.3,80.7,21.0,7.2,0.6,2.7,-24.7,22.4,7.3,-4.8,28.7,0.8,-19.3,1.4,48.4,7.2,20.4,19.5,-0.2,11.8,8.8,-46.7,99.3,-11.4,38.6,-3.8,-6.1,1.7,9.0,-1.5,-1.1,-6.7,7.9,14.2,6.3,30.7,-9.0,-44.0,156.0,-9.8,14.7,6.2,11.6,0.7,5.1,-6.2,-0.7,30.3,-42.9,81.2,-8.4,24.1,30.9,40.6,26.0,-0.4,34.9,1.4,20.8,-21.6,7.2,-0.7,-18.2,7.7,25.7,-4.4,2.6,10.9,7.1,-7.4,10.7,1.8,-15.6,6.5,63.7,2.0,16.6,-0.9,1.1,19.4,31.8,16.1,5.7,-3.1,-2.4,3.0,1.8,-10.3,2.3,-18.1,4.7,-19.6,-18.4,8.0,-2.7,7.6,11.6,0.6,8.1,15.1,10.9,-0.7,-2.7,-5.5,11.9,0.3,9.5,7.5,22.2,-2.6,20.6,21.7,15.9,28.4,11.9,6.3,15.8,8.5,23.3,3.3,3.8,20.3,4.0,3.9,-0.1,10.5,8.9,9.5,9.1,9.8,-0.2,12.7,3.0,-1.7,5.2,-3.1,17.9,0.2,16.6,22.6,9.5,10.5,5.4,18.1,5.0,7.8,5.0,8.8,24.2,13.0,22.0,11.5,-0.3,2.4,-10.4,0.2,18.8,-6.3,5.9,11.3,12.6,7.9,11.9,15.7,-6.1,-5.6,-15.6,-20.6,-8.8,0.4,14.0,2.5,-9.4,4.9,0.4,9.6,19.3,7.2,7.7,4.8,7.2,7.7,13.2,0.5,12.5,19.0,7.1,1.5,12.5,4.1,5.7,11.4,8.9,7.8,14.4,0.3,-28.1,-35.6,-2.2,21.1,30.7,12.3,12.1,9.8,12.2,4.4,6.2,3.8,8.9,2.0,5.0,2.4,-4.0,2.7,6.4,2.2,16.3,-6.8,10.9,4.0,3.4,-7.4,2.6,-3.9,-2.3,2.0,0.0,7.4,0.4,9.1,-1.1,1.7,15.5,1.9,9.1,-7.8,3.8,3.6,-7.4,3.2,1.8,-5.2,-66.7,105.3,28.5,-1.2,1.2,-2.7,27.6,-9.4,10.9,20.3,-5.4,5.3,-10.9,7.5,5.3,-0.2,0.9,10.3,-5.0
18,    Services,A646RL,38.4,-8.5,-17.0,-25.6,-18.5,3.9,-3.5,23.6,10.2,-35.3,-40.4,26.6,6.0,-2.9,31.5,45.0,42.0,12.4,14.6,16.9,-19.9,-36.4,-11.7,30.2,-15.3,0.5,-7.3,2.8,-0.5,26.1,2.9,11.8,5.4,30.4,4.6,7.8,25.0,5.6,18.7,19.4,-6.1,0.8,61.9,-55.5,29.8,-4.2,12.5,510.6,-33.7,40.4,-21.1,20.3,-11.6,14.9,7.0,-18.3,11.1,10.0,4.7,5.5,14.6,-4.8,11.6,20.5,6.4,-25.6,5.1,29.7,-6.0,17.6,7.0,-8.0,50.3,0.5,-3.8,-26.6,100.9,-21.9,14.4,27.7,-16.7,8.1,7.3,4.6,8.6,34.4,-7.4,-22.5,44.9,4.0,0.1,2.8,32.9,4.3,-11.0,39.0,-8.8,-0.7,8.4,-0.2,-18.7,32.7,-13.3,9.3,3.1,8.1,-22.6,24.1,20.9,-12.1,28.6,19.2,24.0,-48.4,19.8,5.4,10.8,17.7,-7.5,-1.4,13.3,8.9,2.6,22.9,1.6,15.4,17.8,5.6,0.7,-1.5,10.7,-6.9,17.6,10.1,-2.5,31.1,3.8,0.6,0.0,-8.7,-5.9,-4.4,-12.2,2.1,15.3,1.3,-2.4,40.7,17.6,-8.2,0.6,7.2,5.3,-6.2,14.0,56.4,-7.7,14.9,0.6,8.6,9.7,10.3,15.3,12.6,10.9,13.6,4.3,25.2,6.2,6.7,13.3,13.7,8.1,0.9,13.9,-16.1,34.9,10.5,9.7,1.6,1.2,-0.7,-0.4,8.0,3.9,4.1,3.2,14.0,8.5,0.2,9.6,1.3,6.7,19.6,8.1,-2.3,11.1,-10.0,36.0,-4.6,4.3,4.4,-1.3,0.3,14.2,-6.9,8.1,12.9,2.9,15.9,-0.1,0.8,15.0,-3.9,2.1,-3.2,1.3,-14.7,-23.6,34.1,8.8,-1.7,3.5,-14.7,1.4,15.8,19.0,14.7,10.9,-6.4,16.4,7.7,0.3,-1.4,14.3,13.1,8.8,-5.2,25.4,18.5,7.3,17.1,10.9,3.6,7.4,-6.6,-3.4,-10.0,13.0,5.6,11.0,3.3,2.9,16.6,9.7,1.5,8.7,9.8,-9.1,12.2,1.8,2.6,10.8,0.7,-2.0,6.3,3.3,3.0,4.8,-3.2,3.4,6.2,-1.7,-1.7,2.9,-6.8,9.1,5.2,-8.8,12.1,6.0,3.6,2.6,4.0,-9.8,1.0,-2.3,4.3,8.9,-5.4,3.7,-33.3,-49.2,0.8,22.8,3.3,7.4,8.9,21.1,6.9,16.8,2.6,8.7,-4.5,8.8,0.0,8.0,6.1,1.2,8.4,7.2
19,  Imports,A021RL,8.1,-38.2,23.2,61.9,16.8,22.5,-6.3,-11.5,-5.7,-15.2,6.1,11.6,23.9,132.0,0.8,0.0,-12.6,-29.8,-10.0,55.1,-2.0,26.8,40.9,-9.5,22.5,-1.6,-18.2,-21.2,41.2,-22.1,3.8,25.8,24.7,6.9,15.4,17.8,-2.1,3.6,-17.1,35.8,3.1,-7.4,1.3,6.1,18.3,-5.9,22.8,11.0,20.9,3.9,-9.8,15.9,3.1,-11.3,-17.6,-1.9,5.0,29.2,9.8,12.8,9.0,5.1,5.0,-8.9,9.7,10.5,-1.2,-0.4,9.3,11.2,11.3,-13.7,56.3,1.7,21.0,10.7,10.4,24.4,4.6,6.4,-3.2,5.4,22.8,25.7,6.2,26.4,-3.4,-32.7,105.5,-5.1,-4.3,-1.3,8.1,-0.9,6.3,-4.6,33.7,9.1,-24.5,72.5,-13.5,8.6,19.3,19.8,-11.0,-10.6,3.0,-12.9,22.9,-6.8,-3.9,-34.5,-28.4,37.6,23.1,27.4,18.5,17.4,14.0,20.1,3.9,-5.4,5.8,29.6,1.2,5.3,5.6,-1.1,2.2,-6.0,9.0,0.3,-26.0,-25.8,23.2,18.2,0.6,-4.5,12.0,-10.9,-6.4,19.9,-14.8,9.5,34.5,35.0,21.1,36.3,17.8,10.8,12.2,-8.5,21.2,-3.8,16.6,-0.4,18.1,11.5,3.1,-2.3,10.4,8.0,9.5,-1.9,-4.5,9.8,12.8,1.9,1.9,-0.5,7.4,13.3,-0.7,-1.6,-10.3,-4.5,7.3,11.7,9.1,2.9,6.7,6.5,9.9,8.9,8.5,5.4,17.1,9.6,15.8,11.7,11.7,9.1,3.8,1.4,5.2,13.7,9.3,13.6,8.1,18.2,14.1,15.6,8.9,15.9,9.5,5.5,13.6,11.8,12.0,15.3,10.6,16.0,13.4,15.2,0.6,-5.1,-12.2,-8.8,-4.1,11.9,14.1,5.2,7.4,-1.7,6.0,6.4,13.3,11.7,16.7,5.7,9.7,3.5,5.5,2.3,13.5,8.5,4.0,4.1,-0.5,6.0,2.1,2.3,-3.7,1.5,-3.7,-5.0,-13.7,-32.9,-15.3,17.6,20.9,10.5,19.5,14.7,1.5,2.0,1.5,4.5,5.4,2.0,1.5,2.2,-3.7,-0.3,5.9,2.9,3.2,5.3,9.4,0.8,10.9,6.1,3.2,2.8,1.1,-0.5,0.5,3.0,5.9,6.3,3.9,1.5,11.7,1.7,0.5,5.7,4.2,-0.2,2.2,-1.7,-7.3,-13.7,-52.8,85.7,32.3,8.3,8.3,8.6,20.8,13.4,5.9,-5.4,-4.5,-0.8,-3.1,4.7,4.2,6.1,7.6,10.7,-0.8
20,    Goods,A255RL,9.3,-43.8,5.5,86.0,16.8,8.8,-1.3,-10.3,-12.2,-10.9,14.0,9.1,26.4,176.5,-6.9,-7.1,-16.5,-44.3,-26.5,65.0,4.3,15.2,29.6,-6.9,25.2,-11.2,-29.7,-14.4,46.4,-29.4,-2.9,50.5,3.9,1.2,46.8,17.1,-12.7,-4.5,3.7,9.3,5.5,-6.5,21.3,-16.1,8.7,4.7,34.5,24.2,27.6,3.9,-13.7,8.5,5.7,-19.9,-17.8,-4.1,7.0,49.6,10.0,15.3,13.1,7.3,-0.7,-5.1,14.3,10.8,-0.9,-3.1,14.5,15.9,14.0,-17.2,79.4,3.6,21.1,11.0,6.3,28.4,4.9,1.3,-11.1,3.3,42.8,36.0,10.2,30.6,-6.4,-42.4,157.2,-7.9,-9.8,0.7,3.2,-1.2,11.7,-2.0,44.6,14.9,-31.1,90.8,-17.6,18.2,20.1,22.4,-9.8,-6.1,3.0,-17.6,25.2,-6.7,-7.0,-39.1,-30.1,48.6,24.4,31.8,21.5,19.0,15.2,23.3,3.1,-4.6,5.9,30.8,1.7,4.8,5.2,-0.7,2.6,-6.6,10.6,0.5,-28.4,-29.4,24.6,18.1,0.2,-3.7,13.6,-14.2,-10.7,25.1,-19.5,12.5,37.7,38.9,24.3,32.7,17.4,8.6,10.8,-11.9,25.7,-1.4,20.4,-3.1,27.8,8.6,2.7,-6.2,8.3,10.0,7.2,-1.2,-3.9,10.3,13.9,1.2,1.7,-2.5,8.5,12.4,-1.5,-2.9,-11.4,-2.4,6.8,16.8,9.9,5.8,10.3,8.4,10.8,11.3,9.4,5.2,17.6,10.2,18.9,14.6,14.9,7.9,5.6,0.9,4.6,15.0,10.5,14.3,10.1,18.4,16.1,15.4,9.3,15.6,9.7,4.7,15.7,13.3,14.2,16.2,11.0,16.1,12.1,14.8,0.7,-6.5,-15.0,-7.6,-2.9,7.2,18.6,7.8,5.3,-0.4,10.8,2.9,13.7,12.1,17.8,5.5,10.4,4.7,5.8,1.7,14.4,6.2,4.6,5.4,-3.0,5.3,1.7,1.5,-3.9,-0.3,-3.3,-7.3,-18.2,-37.6,-18.9,21.4,24.8,12.8,23.9,16.0,2.1,3.9,-0.1,4.1,7.0,2.2,1.4,2.5,-3.8,2.0,6.7,3.5,2.8,5.0,11.7,1.0,10.6,9.1,3.1,2.0,-0.8,0.0,0.3,2.1,8.5,5.0,3.1,-1.3,15.8,4.2,0.8,7.3,2.8,-2.1,2.0,-1.5,-8.4,-10.1,-48.6,100.9,31.3,8.0,5.3,0.9,21.7,13.6,3.1,-8.2,-4.0,0.1,-5.0,5.1,1.8,6.5,8.4,10.7,-4.0
21,    Services,A656RL,3.5,-14.9,98.0,5.7,17.4,73.9,-19.5,-15.1,15.6,-26.7,-13.4,20.5,15.9,21.0,36.1,30.1,1.2,51.7,55.6,32.3,-16.8,61.5,71.9,-15.0,16.0,23.8,11.0,-33.0,30.9,-4.2,18.5,-12.9,80.5,18.6,-29.2,19.5,25.1,21.3,-48.0,113.6,-1.3,-9.6,-30.2,70.2,37.4,-21.8,3.5,-12.0,7.1,3.5,-0.5,33.8,-2.2,8.7,-17.3,2.2,1.2,-3.1,9.6,7.8,1.0,0.7,17.6,-16.3,0.7,9.9,-1.9,5.8,-1.1,1.3,5.2,-5.3,13.6,-3.1,20.7,10.3,20.8,15.2,3.9,19.9,17.7,10.0,-12.9,3.0,-3.5,15.3,5.7,-0.7,14.5,3.4,12.4,-6.7,22.6,-0.1,-7.0,-11.7,6.9,-6.6,-0.9,27.4,0.9,-17.7,16.4,11.2,-15.4,-25.6,3.0,9.4,13.0,-7.7,11.1,-10.2,-21.4,0.1,17.4,10.3,5.3,10.3,8.5,5.3,7.6,-9.2,5.5,23.7,-0.8,8.2,7.6,-2.7,0.3,-2.7,0.6,-1.3,-11.0,-3.6,16.2,18.9,2.8,-8.3,3.7,8.0,17.7,-2.1,11.6,-3.6,20.3,17.3,6.2,55.7,20.1,21.6,19.3,8.7,2.0,-14.3,0.4,13.2,-17.0,25.9,5.3,16.8,20.2,-0.2,20.2,-4.5,-7.1,7.4,7.6,4.8,3.0,8.7,2.6,17.3,2.9,3.7,-5.6,-12.5,9.2,-6.7,5.8,-8.5,-7.3,-1.7,6.3,-1.1,4.6,6.3,14.4,6.9,1.8,-1.4,-3.0,15.3,-5.0,4.1,8.5,6.8,3.2,10.3,-1.5,17.4,4.4,16.7,7.1,17.4,8.3,9.5,3.6,4.5,1.4,10.4,8.7,15.2,20.4,17.3,-0.2,3.0,4.1,-14.4,-9.9,37.6,-5.8,-7.1,19.0,-7.9,-15.7,26.3,11.7,9.6,11.4,6.6,5.6,-2.4,3.5,5.2,8.8,21.6,1.0,-2.8,13.9,9.3,4.4,6.4,-2.9,11.1,-5.9,8.3,11.6,-9.7,-0.2,4.4,6.9,1.1,2.4,9.5,-1.3,-6.7,9.6,6.3,-2.2,1.2,2.2,0.5,-3.3,-10.8,2.1,0.2,5.0,6.4,-0.8,-0.3,12.7,-6.8,3.7,6.2,10.3,-2.4,1.4,6.8,-4.7,12.2,7.0,14.1,-4.0,-8.6,-0.9,-0.9,11.2,8.5,3.4,-2.8,-2.6,-27.8,-67.7,25.1,37.6,9.9,25.5,55.3,16.6,12.4,20.4,8.1,-6.9,-4.8,5.0,2.6,14.8,4.8,4.3,11.0,12.8
22,Government consumption expenditures and gross investment,A822RL,-0.3,0.0,-3.1,6.1,14.9,8.7,15.6,11.1,18.6,2.2,-6.8,-7.2,7.5,-6.3,31.4,49.8,64.9,51.7,22.9,12.4,14.3,4.1,6.8,13.3,8.5,-4.2,-1.0,-10.0,-12.9,-8.4,-2.4,0.2,-3.9,2.6,-7.7,-0.1,8.3,-3.5,10.6,8.9,-2.1,3.5,6.7,-3.4,10.4,2.3,8.3,-4.0,5.0,3.5,-3.2,-6.6,4.6,10.2,2.8,6.1,1.0,8.8,9.1,7.9,2.0,9.6,2.8,-5.3,0.3,19.0,-4.1,1.3,3.6,0.5,-0.2,-0.5,4.8,13.9,7.8,7.7,7.8,11.4,7.1,18.0,-1.6,4.5,3.1,7.3,2.1,1.2,0.3,0.9,-1.3,0.8,-5.3,-1.9,-4.6,1.7,0.2,-5.7,-0.9,-0.2,-2.8,2.2,1.6,-7.4,3.4,3.5,-2.8,-4.6,3.0,7.4,2.0,0.8,1.9,4.4,-3.3,7.7,3.6,0.6,-4.4,-1.2,-0.2,3.4,3.7,1.6,-1.0,0.1,10.4,3.7,3.6,-3.9,4.0,1.2,2.7,6.0,0.8,-5.3,-0.1,5.5,0.8,-1.4,5.2,-0.5,1.5,3.2,6.3,3.9,3.3,7.1,-6.3,4.3,9.0,3.3,8.7,4.4,9.2,9.4,1.7,3.2,8.6,9.0,-1.6,2.4,3.1,0.4,6.1,-3.3,1.2,0.0,8.0,-1.8,6.3,3.6,2.0,6.6,0.6,0.6,2.7,2.4,1.6,-1.1,-2.9,3.6,-0.8,2.6,0.0,-4.9,0.0,0.6,1.4,-4.9,2.0,6.9,-3.4,1.4,1.4,-1.0,-4.1,2.7,5.1,0.0,2.8,-2.1,5.3,1.9,2.0,-1.4,7.2,3.0,2.4,2.9,1.5,4.9,6.4,-2.8,4.0,-1.7,2.5,6.4,7.1,-0.4,6.8,7.2,3.1,2.1,3.0,0.3,3.7,0.9,2.4,1.8,1.1,0.7,-0.2,2.0,-0.2,1.3,0.3,5.2,-0.1,-0.6,3.3,0.5,3.7,1.8,3.2,0.9,3.5,3.2,2.8,4.6,6.0,1.1,0.8,-1.7,1.2,-2.8,-2.5,-4.8,-2.7,-5.6,-0.3,-1.7,-2.1,-0.6,-3.9,-3.7,-0.5,-1.9,-3.1,-1.7,0.5,2.7,-0.3,2.4,4.0,2.1,1.7,3.7,-0.3,1.7,0.7,-1.1,1.1,0.5,3.6,0.8,2.9,3.2,0.5,5.6,5.5,4.6,3.3,4.4,8.9,-6.0,-1.5,5.2,-4.2,-1.5,-0.3,-3.4,-1.5,1.6,5.4,5.1,2.9,5.7,3.6,1.8,3.1,5.1,2.5
23,  Federal,A823RL,-3.2,-4.9,-8.5,10.5,17.0,9.6,19.3,7.4,15.2,-6.5,-15.4,-17.7,10.4,-11.0,59.6,97.3,107.1,82.2,34.2,17.5,16.7,10.3,5.9,15.0,12.0,-9.3,-5.0,-18.6,-18.5,-16.4,-4.3,-7.5,-8.2,4.3,-12.7,-2.4,10.1,-6.4,14.4,8.1,-4.9,2.1,4.8,-11.3,13.2,-1.4,9.0,-7.7,7.6,5.5,-3.9,-14.2,1.0,12.9,1.6,1.4,3.6,12.6,7.7,15.7,1.6,12.6,1.9,-12.9,-1.8,24.6,-10.0,-1.9,-0.2,-2.2,-3.3,-3.4,0.7,15.7,9.2,9.8,11.4,16.5,4.6,28.5,-4.3,6.8,0.2,7.2,-2.2,-2.3,-1.9,-1.3,-4.9,0.7,-8.8,-6.6,-10.1,-4.8,-1.5,-12.3,-4.6,-1.7,-10.2,3.3,3.9,-17.1,1.0,5.3,-6.3,-13.4,0.9,10.0,-1.4,2.6,4.0,-4.1,-3.9,10.7,1.3,-3.9,-1.4,0.6,0.9,2.8,5.2,4.1,-2.7,0.3,8.0,2.6,3.4,-0.6,4.1,0.9,0.4,11.1,8.1,-4.5,2.0,8.1,10.7,-1.6,7.4,0.3,1.7,6.7,9.8,6.5,7.7,10.7,-12.3,3.4,12.7,-0.4,13.4,3.7,11.0,12.5,0.2,-1.1,13.6,14.6,-4.6,2.6,5.6,-0.5,6.9,-11.0,-3.0,-1.9,11.5,-7.1,8.4,3.3,-1.8,6.8,0.5,-1.7,0.5,4.6,1.6,-5.2,-9.6,1.5,-1.0,5.7,0.3,-12.5,-4.1,-1.5,0.7,-13.3,-1.7,10.0,-10.1,-1.1,-1.3,-3.2,-12.9,8.1,3.8,-5.2,-1.9,-5.5,9.2,-1.7,-0.6,-9.6,8.0,-1.5,2.5,-0.6,-0.6,6.4,8.4,-12.6,13.1,-7.4,1.1,9.1,5.9,2.4,4.9,13.8,8.0,4.0,7.0,4.7,14.6,-0.1,7.6,4.4,2.4,4.5,-0.7,4.5,-0.4,3.1,0.1,10.8,-2.7,-3.6,5.9,-2.4,6.7,3.5,6.9,6.2,8.8,5.3,5.3,5.4,9.8,3.7,6.1,4.5,5.3,-1.8,-0.6,-5.5,-1.5,-8.4,1.5,0.0,-3.1,0.8,-7.7,-8.7,-3.0,-5.5,-6.6,-0.3,-2.3,4.7,-5.9,1.6,1.2,-0.4,3.0,0.3,-2.0,2.1,0.3,-1.7,2.2,-0.2,5.5,4.1,2.9,5.2,1.9,4.4,4.1,5.1,2.2,4.2,32.9,-12.1,0.1,17.2,-8.0,-7.5,3.1,-8.5,-3.3,-0.4,9.0,4.6,-1.1,5.3,-0.3,-0.4,4.3,8.9,3.2
24,    National defense,A824RL,-25.1,11.3,9.0,-4.4,-8.6,-2.9,16.0,8.8,6.5,-1.4,-21.1,-13.7,3.4,26.4,71.4,145.7,122.5,101.7,37.9,13.2,22.5,9.1,6.6,11.8,3.2,-4.2,-6.9,-22.5,-15.1,-16.8,-12.2,-0.9,-12.7,4.4,-11.2,-1.5,10.3,-1.1,12.7,3.7,3.3,3.7,-4.5,-3.0,4.5,0.0,3.0,-11.9,-5.2,6.7,-3.2,-5.5,-2.7,13.1,-3.9,11.1,-1.5,13.0,7.7,15.2,-3.8,7.0,0.3,-13.7,-2.3,17.0,-10.5,-5.9,-4.8,-0.9,-5.5,-6.8,-1.8,12.8,11.9,14.6,9.0,26.2,10.7,24.7,0.6,9.5,-3.6,9.2,-0.4,-6.6,-3.3,-3.3,-7.4,0.0,-7.4,-9.7,-15.9,-5.5,-2.8,-15.5,-12.9,-7.4,-9.9,-4.0,3.4,-22.4,1.8,5.7,-7.9,-18.7,2.9,6.8,4.3,-7.2,1.6,-3.6,-7.6,15.7,-0.8,-5.3,-1.8,0.5,-1.4,3.7,3.5,2.2,-8.5,1.0,6.4,2.0,2.3,0.4,6.1,0.2,3.0,9.8,-1.0,0.8,5.7,9.3,10.1,1.8,10.8,4.2,7.6,8.7,8.8,3.9,8.8,4.1,9.3,1.4,4.9,-0.5,17.4,2.7,12.6,15.6,2.6,-2.1,16.9,16.0,-9.5,6.8,9.0,4.6,1.1,-5.9,-2.2,-3.1,8.4,-10.5,7.1,4.1,-5.0,4.8,-2.3,-4.5,2.4,6.1,0.2,-8.2,-16.1,-2.2,-1.9,7.0,-4.2,-14.8,-5.2,-1.9,1.1,-18.0,-0.1,13.3,-18.3,-0.8,-0.7,-5.5,-12.6,8.0,4.8,-6.7,-4.3,-11.9,11.9,-3.8,2.2,-19.2,12.1,7.0,-6.4,-2.1,-0.9,9.9,9.0,-19.1,15.6,-9.9,3.9,5.6,4.6,2.7,6.0,14.5,6.9,3.0,8.4,7.0,20.1,-1.9,12.0,5.9,1.8,8.9,-4.9,7.2,1.2,2.0,-3.0,9.2,-0.6,-7.8,12.8,-3.3,9.3,2.5,7.4,6.7,7.4,9.4,6.1,1.2,10.7,3.1,4.6,2.2,2.9,-0.8,1.0,-7.1,1.7,-5.4,-3.4,-2.6,-4.8,1.0,-11.9,-9.3,-2.2,-7.6,-6.2,-4.9,-2.4,5.4,-10.9,-1.2,1.0,-3.8,3.1,-1.5,-3.9,4.1,-0.6,-1.7,6.0,-1.6,5.9,1.5,3.7,6.5,6.6,9.7,-0.9,6.2,2.5,2.5,2.1,-0.1,12.9,-7.9,-2.8,-4.6,-3.7,-11.2,2.0,-2.9,7.6,4.9,0.8,6.7,-1.3,-2.5,6.4,13.9,3.3
25,    Nondefense,A825RL,224.5,-48.5,-58.5,113.2,200.5,61.3,29.8,3.2,43.5,-18.9,2.7,-26.9,31.5,-70.9,18.2,-33.1,38.1,-8.6,9.3,54.6,-19.6,20.0,0.4,42.2,95.2,-36.5,8.7,11.8,-36.9,-13.9,60.8,-38.6,24.1,3.6,-20.8,-8.2,9.3,-35.2,26.3,43.0,-47.0,-9.3,104.0,-52.9,98.6,-9.8,56.3,19.7,102.5,0.2,-7.1,-47.5,22.8,11.9,33.5,-36.0,34.0,10.8,7.2,18.2,31.3,40.6,8.8,-9.6,0.6,59.3,-8.3,14.2,17.5,-6.6,4.8,8.4,8.9,25.2,1.4,-4.1,19.7,-10.7,-14.9,43.3,-20.5,-3.4,16.5,-0.3,-8.9,16.5,3.5,6.4,4.3,3.5,-13.5,4.8,11.2,-2.7,2.6,-1.7,23.3,14.9,-10.9,24.5,5.2,-2.5,-0.8,4.3,-2.4,0.4,-3.5,17.6,-13.4,29.0,9.6,-5.3,4.4,1.0,6.0,-0.8,-0.3,0.8,5.8,0.8,8.7,8.0,9.9,-1.2,11.1,3.9,5.7,-2.5,0.3,2.4,-4.5,13.8,28.7,-14.2,-5.0,5.7,11.8,-8.5,0.2,-8.0,-11.1,2.3,12.1,12.9,4.9,28.0,-49.8,9.3,36.2,-0.1,3.7,6.5,6.7,4.6,-6.0,1.6,5.1,10.9,10.2,-7.9,-3.5,-14.2,25.6,-24.3,-5.2,1.7,21.2,3.2,11.9,1.3,7.2,12.4,8.4,5.5,-4.2,1.1,5.5,2.6,7.9,10.4,1.0,3.0,10.9,-7.2,-1.9,-0.7,-0.2,-2.7,-4.7,3.6,8.5,-1.7,-2.5,1.5,-13.7,8.4,2.1,-2.3,2.6,7.0,4.4,2.2,-5.5,9.7,1.5,-14.8,20.0,1.9,-0.1,0.8,7.3,-0.6,9.1,-3.1,-3.2,14.9,8.1,1.8,3.0,12.7,9.8,5.6,4.9,1.1,5.7,3.1,0.5,1.9,3.5,-2.9,7.1,-0.1,-3.2,5.2,6.0,13.7,-6.4,4.4,-5.2,-0.7,2.1,5.4,5.9,5.3,11.5,-2.0,3.8,13.6,8.3,4.8,8.9,8.8,9.8,-3.5,-3.5,-2.7,-7.0,-13.7,11.0,4.6,-0.2,0.5,-0.2,-7.8,-4.5,-1.8,-7.4,7.4,-2.0,3.6,2.5,6.0,1.6,5.0,2.9,2.9,0.9,-0.7,1.7,-1.7,-3.1,1.8,4.9,8.1,1.8,3.5,-4.5,-2.9,12.0,3.5,1.8,6.8,90.3,-25.6,-15.4,63.0,-14.3,-11.3,13.0,-5.0,-9.7,2.9,10.8,4.3,-3.5,3.4,0.9,2.6,1.5,2.6,3.1
26,  State and local,A829RL,5.7,9.4,6.4,-0.9,11.4,7.0,9.8,17.4,24.4,17.5,7.8,10.2,3.4,0.3,0.1,-3.9,6.9,2.0,-0.6,1.1,8.8,-10.4,9.5,8.9,-0.7,11.0,9.9,15.0,1.6,11.5,1.8,17.7,5.3,-0.6,2.4,4.3,5.1,2.0,4.1,10.3,3.3,5.8,10.2,11.8,5.7,8.8,7.1,2.4,0.9,0.2,-2.0,6.9,10.4,6.1,4.7,13.5,-2.7,3.4,11.2,-2.9,2.7,5.1,4.2,7.6,3.4,11.0,5.4,6.1,9.4,4.4,4.2,3.6,10.5,11.7,5.9,4.8,3.1,4.7,10.6,5.0,2.1,1.5,7.1,7.5,8.1,5.9,3.4,3.7,3.4,0.9,-0.9,3.9,2.2,9.4,2.0,1.7,3.0,1.4,5.1,1.1,-0.7,3.3,5.6,1.8,0.6,4.3,5.0,5.1,5.0,-0.7,0.1,12.4,-2.8,5.2,5.5,4.6,-6.8,-2.6,-1.2,4.0,2.5,-0.4,0.6,-0.1,12.6,4.7,3.8,-6.6,3.8,1.4,4.6,1.9,-5.2,-6.1,-1.9,3.2,-7.4,-1.1,3.2,-1.1,1.4,0.0,3.1,1.5,-0.8,3.5,0.2,5.2,5.4,7.0,4.1,5.1,7.4,6.5,3.1,7.6,4.0,3.8,1.4,2.1,0.9,1.4,5.4,4.5,5.1,1.8,4.9,3.3,4.5,3.9,5.5,6.3,0.7,2.7,4.6,0.6,1.6,2.3,2.9,5.3,-0.6,0.2,-0.3,1.4,3.3,2.1,2.0,1.7,4.6,4.8,1.5,3.2,3.2,0.4,2.1,-0.7,5.9,3.4,5.8,0.1,3.0,4.1,3.6,3.7,6.7,5.7,2.3,4.9,2.6,4.1,5.3,2.9,-0.6,1.5,3.2,5.0,7.7,-1.8,7.8,3.8,0.5,1.0,0.8,-2.1,-2.2,1.5,-0.6,0.3,0.3,-1.5,0.1,0.5,-0.1,0.2,0.4,1.8,1.5,1.2,1.8,2.3,1.9,0.8,1.1,-2.2,0.3,2.0,1.2,4.1,3.5,-0.6,-2.7,-5.8,-1.5,-3.5,-3.8,-4.3,-3.5,-3.5,-1.5,-2.9,-1.3,-1.6,-1.1,-0.1,1.2,0.4,-0.7,-2.6,2.4,1.5,3.3,3.0,5.7,3.7,0.9,5.8,0.7,1.5,0.9,-0.8,0.5,0.9,2.6,-1.1,2.9,2.0,-0.3,6.4,6.4,4.4,3.9,4.5,-3.6,-2.0,-2.5,-1.6,-1.8,2.3,-2.3,-0.1,-0.4,2.7,3.4,5.3,5.4,5.9,6.1,3.1,2.3,2.9,2.0
,Addendum:,,,,,,,,,,,,,,,,,,,,,,,,,,,,,,,,,,,,,,,,,,,,,,,,,,,,,,,,,,,,,,,,,,,,,,,,,,,,,,,,,,,,,,,,,,,,,,,,,,,,,,,,,,,,,,,,,,,,,,,,,,,,,,,,,,,,,,,,,,,,,,,,,,,,,,,,,,,,,,,,,,,,,,,,,,,,,,,,,,,,,,,,,,,,,,,,,,,,,,,,,,,,,,,,,,,,,,,,,,,,,,,,,,,,,,,,,,,,,,,,,,,,,,,,,,,,,,,,,,,,,,,,,,,,,,,,,,,,,,,,,,,,,,,,,,,,,,,,,,,,,,,,,,,,,,,,
27,"  Gross domestic product, current dollars",A191RP,4.7,6.0,17.3,9.6,10.7,10.1,1.7,-7.4,-5.2,2.3,-3.3,16.0,14.3,26.8,16.2,21.6,10.0,8.8,5.6,4.2,1.4,7.6,15.0,7.7,3.9,-0.6,-5.2,-0.6,0.8,5.1,9.2,14.0,8.4,8.5,6.5,2.5,5.8,4.7,8.5,8.3,1.9,6.5,-3.8,-6.0,3.9,12.3,11.8,8.9,10.0,1.8,2.7,11.1,-1.2,3.4,-3.9,3.6,8.0,9.0,9.4,9.6,4.3,5.9,2.2,6.3,5.3,9.7,6.0,10.1,5.4,8.1,3.1,12.3,7.1,10.9,12.6,13.0,4.7,7.5,6.8,5.3,2.3,7.9,7.7,13.3,11.4,7.2,7.4,10.9,6.5,8.6,3.2,5.1,6.3,7.2,0.9,18.2,7.7,7.6,4.4,14.3,12.1,7.9,12.4,15.4,11.0,5.8,12.4,4.1,10.8,8.1,10.6,4.2,9.1,14.8,12.7,14.0,7.2,7.6,10.5,11.7,14.2,12.7,8.9,7.3,25.5,11.3,14.4,8.3,10.6,12.3,8.7,10.0,1.1,8.7,19.3,19.9,5.0,13.0,2.5,-0.8,7.2,4.2,4.4,8.6,12.7,12.9,11.9,12.5,10.8,7.7,6.4,8.1,6.3,8.8,5.3,5.9,3.4,5.6,4.4,5.7,7.3,6.7,10.5,5.3,9.5,7.3,9.1,8.5,7.6,6.0,3.7,9.0,6.1,3.7,-0.7,2.0,6.2,5.3,3.8,6.4,6.9,6.1,7.1,2.9,4.8,4.4,7.9,5.9,7.6,4.7,7.0,3.6,3.2,5.5,4.7,5.0,8.6,5.0,6.5,5.1,7.7,6.9,4.8,4.7,4.7,6.9,7.8,5.2,5.0,6.9,9.1,4.2,10.2,2.8,4.6,1.3,5.0,0.0,2.4,4.7,3.9,3.6,2.8,4.1,5.1,9.3,7.3,5.2,6.5,6.5,7.4,7.9,5.0,7.0,5.6,8.5,4.6,3.4,5.0,5.1,5.3,4.6,4.2,-0.2,4.4,0.9,-7.6,-4.8,-1.4,1.9,5.7,3.1,6.0,4.4,4.5,1.1,5.5,2.3,5.1,5.8,3.5,2.8,2.5,5.7,1.9,5.5,5.7,0.1,7.7,6.7,2.4,3.4,4.9,2.7,0.7,2.0,4.1,3.9,4.2,4.1,3.3,5.3,7.2,5.9,5.1,4.3,2.3,3.8,5.5,6.1,4.0,-3.7,-29.1,40.0,7.3,11.1,13.2,9.8,15.1,7.3,9.7,7.4,7.2,6.6,4.3,7.7,4.8,4.7,5.6,5.0,4.5